attractiveness,disclosure,threshold,matches,true_satisfaction
0.392286,0.923558,0.7,6,3
0.626802,0.31959,0.7,17,7
0.795868,0.899133,0.7,28,13
0.579279,0.841799,0.7,23,8
0.752893,0.567408,0.7,22,9
0.629676,0.328581,0.7,11,6
0.534215,0.731854,0.7,12,7
0.801623,0.204858,0.7,16,6
0.658128,0.381429,0.7,20,10
0.490923,0.472061,0.7,9,6
0.540045,0.201164,0.7,19,9
0.605941,0.641685,0.7,18,7
0.739879,0.71157,0.7,28,13
0.74586,0.594668,0.7,25,10
0.585915,0.484233,0.7,20,8
0.539016,0.802197,0.7,15,4
0.55686,0.552706,0.7,5,2
0.568719,0.670418,0.7,14,9
0.52504,0.471172,0.7,14,8
0.875,0.678591,0.7,26,9
0.882797,0.468573,0.7,19,9
0.442634,0.271326,0.7,12,2
0.679042,0.891564,0.7,25,11
0.690326,0.456017,0.7,21,5
0.675829,0.364325,0.7,13,3
0.462909,0.89126,0.7,10,4
0.407529,0.448818,0.7,13,10
0.487841,0.796533,0.7,11,7
0.566013,0.231009,0.7,9,3
0.798531,0.238631,0.7,13,6
0.693245,0.796202,0.7,22,13
0.53999,0.724369,0.7,15,12
0.86336,0.790321,0.7,27,9
0.646612,0.283375,0.7,16,7
0.709388,0.467326,0.7,17,5
0.635259,0.335307,0.7,26,11
0.806506,0.763439,0.7,25,5
0.696086,0.869255,0.7,22,10
0.889741,0.449801,0.7,21,9
0.539876,0.496467,0.7,15,8
0.774175,0.555704,0.7,31,12
0.740912,0.676117,0.7,15,6
0.535758,0.314219,0.7,8,2
0.623497,0.917901,0.7,23,12
0.645995,0.631507,0.7,19,6
0.584235,0.284834,0.7,16,8
0.91496,0.319033,0.7,27,9
0.342578,0.852288,0.7,4,1
0.775103,0.490593,0.7,15,7
0.431322,0.203957,0.7,9,5
0.447,0.786788,0.7,12,5
0.286283,0.273498,0.7,6,2
0.294278,0.217431,0.7,11,4
0.772614,0.4938,0.7,22,6
0.452016,0.435764,0.7,9,4
0.948049,0.99696,0.7,35,9
0.774086,0.705923,0.7,24,12
0.593344,0.231725,0.7,15,8
0.461247,0.795724,0.7,8,3
0.530387,0.517399,0.7,14,4
0.486171,0.979697,0.7,11,6
0.765195,0.236915,0.7,15,9
0.652477,0.408726,0.7,17,8
0.47721,0.965876,0.7,6,4
0.505016,0.714065,0.7,8,3
0.481496,0.694982,0.7,15,7
0.57611,0.512537,0.7,15,5
0.481657,0.806678,0.7,15,7
0.592231,0.500619,0.7,15,7
0.660918,0.353912,0.7,11,5
0.461791,0.605782,0.7,8,3
0.394039,0.704608,0.7,9,5
0.399575,0.771669,0.7,12,4
0.492399,0.326836,0.7,13,9
0.690388,0.373955,0.7,13,5
0.530389,0.942737,0.7,15,4
0.570841,0.468955,0.7,21,8
0.473182,0.346357,0.7,12,3
0.659445,0.783839,0.7,16,7
0.622015,0.203401,0.7,19,5
0.918823,0.438555,0.7,15,7
0.727334,0.477723,0.7,22,10
0.537341,0.34024,0.7,13,8
0.712462,0.957328,0.7,25,12
0.461792,0.722214,0.7,11,7
0.382027,0.95238,0.7,6,3
0.570934,0.996268,0.7,15,5
0.542823,0.649048,0.7,20,10
0.625715,0.471051,0.7,18,8
0.688127,0.39798,0.7,13,5
0.557795,0.690276,0.7,18,7
0.524736,0.312795,0.7,12,6
0.646677,0.423158,0.7,20,7
0.654801,0.615263,0.7,19,6
0.545995,0.356739,0.7,14,5
0.626692,0.317997,0.7,13,6
0.439728,0.78564,0.7,10,8
0.453505,0.895019,0.7,9,4
0.605818,0.605565,0.7,14,6
0.388582,0.551365,0.7,7,1
0.455767,0.43788,0.7,5,1
0.767902,0.357658,0.7,11,6
0.670409,0.482826,0.7,18,12
0.469419,0.838309,0.7,17,9
0.553549,0.693773,0.7,18,7
0.633789,0.959701,0.7,17,9
0.770665,0.636508,0.7,18,8
0.834286,0.949035,0.7,19,7
0.810323,0.468799,0.7,23,11
0.62375,0.230986,0.7,8,6
0.653131,0.824369,0.7,19,8
0.433135,0.894993,0.7,13,6
0.641087,0.586925,0.7,17,10
0.541734,0.306109,0.7,9,3
0.750861,0.980692,0.7,26,7
0.496432,0.37249,0.7,14,7
0.789519,0.242962,0.7,10,5
0.595625,0.699909,0.7,19,9
0.574019,0.457307,0.7,11,3
0.812668,0.291646,0.7,14,9
0.543085,0.978455,0.7,18,7
0.73086,0.467248,0.7,25,15
0.333539,0.427876,0.7,11,6
0.634835,0.695168,0.7,16,9
0.603784,0.506797,0.7,23,12
0.63952,0.288519,0.7,9,5
0.547381,0.465168,0.7,24,8
0.797237,0.39065,0.7,20,11
0.670763,0.698505,0.7,26,11
0.643586,0.286224,0.7,22,10
0.580531,0.321654,0.7,18,11
0.759931,0.415588,0.7,22,10
0.556113,0.207667,0.7,16,5
0.572788,0.824065,0.7,16,8
0.475102,0.736751,0.7,10,5
0.616034,0.719968,0.7,16,5
0.554047,0.320603,0.7,20,11
0.838367,0.67367,0.7,17,6
0.62299,0.278564,0.7,23,9
0.585385,0.934107,0.7,14,7
0.764223,0.560565,0.7,22,11
0.775331,0.73705,0.7,26,12
0.501246,0.787174,0.7,11,7
0.685887,0.385748,0.7,19,6
0.722779,0.531638,0.7,23,10
0.571857,0.854502,0.7,13,4
0.555836,0.896355,0.7,14,5
0.558797,0.463148,0.7,19,4
0.826111,0.710142,0.7,26,13
0.588144,0.797675,0.7,16,10
0.612509,0.590491,0.7,22,9
0.505748,0.255001,0.7,20,6
0.367559,0.384903,0.7,13,6
0.781267,0.849912,0.7,23,11
0.518586,0.484352,0.7,14,3
0.715136,0.494898,0.7,13,6
0.451789,0.805878,0.7,15,9
0.6616,0.279766,0.7,15,9
0.385063,0.463927,0.7,8,3
0.735416,0.926687,0.7,26,11
0.549917,0.249627,0.7,15,4
0.728982,0.371711,0.7,14,5
0.732455,0.762946,0.7,18,10
0.260928,0.686993,0.7,11,4
0.515834,0.988082,0.7,15,7
0.512134,0.849388,0.7,12,5
0.819619,0.231629,0.7,16,11
0.532464,0.587844,0.7,17,6
0.431925,0.218775,0.7,19,5
0.334775,0.258811,0.7,15,5
0.313934,0.309409,0.7,16,9
0.528151,0.625258,0.7,12,5
0.470806,0.748684,0.7,15,8
0.71237,0.311778,0.7,15,8
0.632481,0.454574,0.7,16,9
0.729543,0.490109,0.7,30,14
0.515182,0.224392,0.7,10,6
0.455953,0.290754,0.7,9,5
0.80565,0.257423,0.7,12,2
0.782175,0.572446,0.7,23,11
0.822694,0.391979,0.7,15,8
0.620762,0.794131,0.7,18,6
0.483601,0.613455,0.7,16,8
0.57132,0.66554,0.7,14,3
0.724406,0.972264,0.7,18,7
0.619023,0.92443,0.7,12,5
0.660476,0.554248,0.7,17,10
0.619186,0.482943,0.7,14,4
0.547143,0.354284,0.7,16,7
0.281879,0.234,0.7,10,6
0.515391,0.476982,0.7,19,10
0.587828,0.817737,0.7,21,12
0.69781,0.922005,0.7,18,10
0.689678,0.478977,0.7,13,8
0.727935,0.323717,0.7,23,8
0.494982,0.505446,0.7,16,4
0.547929,0.973771,0.7,18,8
0.832327,0.241544,0.7,21,9
0.358727,0.384513,0.7,12,5
0.623055,0.474854,0.7,10,6
0.383651,0.930804,0.7,6,4
0.620093,0.730138,0.7,17,8
0.627907,0.932238,0.7,24,13
0.540384,0.926216,0.7,13,8
0.692182,0.468029,0.7,13,6
0.647379,0.536406,0.7,14,9
0.735325,0.99933,0.7,23,12
0.619147,0.471727,0.7,11,5
0.59663,0.77415,0.7,18,4
0.430064,0.334146,0.7,13,5
0.711902,0.554112,0.7,19,10
0.53599,0.87978,0.7,13,7
0.446064,0.960564,0.7,12,7
0.520609,0.648196,0.7,16,5
0.711904,0.203657,0.7,23,10
0.43573,0.446853,0.7,8,4
0.569312,0.536443,0.7,14,7
0.57812,0.817249,0.7,20,9
0.705812,0.745623,0.7,23,9
0.725572,0.391272,0.7,19,8
0.63754,0.973864,0.7,24,8
0.782929,0.302169,0.7,17,8
0.325214,0.326848,0.7,9,5
0.79295,0.932527,0.7,26,11
0.640094,0.640237,0.7,22,7
0.39314,0.822301,0.7,9,2
0.81918,0.531131,0.7,16,6
0.611172,0.675365,0.7,11,4
0.747789,0.59779,0.7,20,6
0.6003,0.276853,0.7,15,5
0.760939,0.514836,0.7,19,14
0.610442,0.514272,0.7,14,5
0.742466,0.626257,0.7,18,12
0.36645,0.298179,0.7,11,4
0.740054,0.599177,0.7,14,4
0.724103,0.541213,0.7,20,7
0.494924,0.961698,0.7,18,9
0.378806,0.827452,0.7,9,5
0.477976,0.678835,0.7,13,9
0.511462,0.939255,0.7,8,5
0.466433,0.63064,0.7,13,7
0.714979,0.476431,0.7,18,8
0.908572,0.788642,0.7,25,10
0.603028,0.577946,0.7,16,6
0.480935,0.233674,0.7,16,7
0.348327,0.211721,0.7,11,2
0.651663,0.415295,0.7,18,8
0.797028,0.979132,0.7,28,10
0.68361,0.770688,0.7,14,7
0.695032,0.309965,0.7,13,7
0.492833,0.307845,0.7,15,9
0.349259,0.893617,0.7,6,2
0.60432,0.919968,0.7,11,6
0.490657,0.560703,0.7,19,8
0.528064,0.338593,0.7,8,2
0.750379,0.292974,0.7,12,7
0.451295,0.294729,0.7,12,7
0.703368,0.588748,0.7,13,8
0.684536,0.517511,0.7,16,9
0.521118,0.568723,0.7,12,8
0.458731,0.803529,0.7,17,4
0.60692,0.717715,0.7,15,9
0.542315,0.306199,0.7,25,11
0.671323,0.467092,0.7,11,7
0.605104,0.689014,0.7,15,6
0.887443,0.917797,0.7,19,10
0.69748,0.325679,0.7,13,8
0.412384,0.470925,0.7,10,6
0.397827,0.449784,0.7,15,6
0.720361,0.377324,0.7,11,4
0.35477,0.561011,0.7,9,6
0.901327,0.482824,0.7,30,13
0.520736,0.228523,0.7,18,8
0.641484,0.825333,0.7,19,11
0.160392,0.603796,0.7,5,4
0.766185,0.265352,0.7,27,12
0.819968,0.798743,0.7,21,9
0.543582,0.896619,0.7,12,6
0.788675,0.56566,0.7,22,9
0.507674,0.31291,0.7,18,4
0.474141,0.70535,0.7,10,5
0.619995,0.93109,0.7,21,14
0.642986,0.375279,0.7,15,10
0.288495,0.594628,0.7,6,3
0.429618,0.549928,0.7,12,3
0.733537,0.495402,0.7,15,4
0.438263,0.861786,0.7,11,2
0.504597,0.457375,0.7,16,3
0.720015,0.475519,0.7,18,9
0.442515,0.651876,0.7,12,8
0.841322,0.52625,0.7,24,13
0.503384,0.394541,0.7,23,5
0.847315,0.611003,0.7,22,10
0.58034,0.222999,0.7,18,3
0.538757,0.653014,0.7,24,12
0.698078,0.797471,0.7,23,10
0.430225,0.625741,0.7,11,5
0.585063,0.623617,0.7,15,6
0.277546,0.539834,0.7,10,3
0.520376,0.863759,0.7,15,7
0.63317,0.503868,0.7,14,4
0.691047,0.95449,0.7,18,6
0.585356,0.711322,0.7,19,8
0.351215,0.568839,0.7,11,2
0.57898,0.670361,0.7,15,4
0.676172,0.612357,0.7,14,3
0.987825,0.636052,0.7,23,9
0.499088,0.540524,0.7,7,3
0.33673,0.361179,0.7,6,1
0.677186,0.760959,0.7,21,8
0.59552,0.529062,0.7,14,6
0.521929,0.467037,0.7,10,4
0.645487,0.33778,0.7,11,5
0.335868,0.707213,0.7,8,3
0.985582,0.894624,0.7,25,9
0.527328,0.648464,0.7,15,6
0.612898,0.852958,0.7,16,5
0.433587,0.524439,0.7,12,3
0.373509,0.714735,0.7,6,1
0.634958,0.949462,0.7,22,7
0.652106,0.704089,0.7,17,6
0.383985,0.604487,0.7,8,3
0.694186,0.231926,0.7,20,11
0.34006,0.695938,0.7,10,5
0.439403,0.214513,0.7,7,4
0.87922,0.594172,0.7,29,10
0.734695,0.806668,0.7,21,12
0.810597,0.707025,0.7,23,10
0.843905,0.913548,0.7,16,6
0.427306,0.556157,0.7,12,1
0.546161,0.540872,0.7,24,9
0.480077,0.297026,0.7,7,5
0.712068,0.224712,0.7,22,9
0.608195,0.454639,0.7,18,5
0.558816,0.358542,0.7,15,7
0.688492,0.324317,0.7,18,5
0.643226,0.741366,0.7,19,8
0.688893,0.204317,0.7,12,4
0.431839,0.392999,0.7,14,7
0.531186,0.674719,0.7,19,8
0.661456,0.969516,0.7,23,12
0.609582,0.317085,0.7,20,10
0.835437,0.357257,0.7,20,7
0.305463,0.583375,0.7,12,4
0.547573,0.636189,0.7,15,7
0.808763,0.583244,0.7,19,8
0.650514,0.853737,0.7,22,12
0.58996,0.305961,0.7,11,6
0.303399,0.411642,0.7,19,9
0.53741,0.639286,0.7,10,6
0.632231,0.789473,0.7,22,7
0.860057,0.57804,0.7,26,11
0.527429,0.640709,0.7,16,9
0.352104,0.261179,0.7,11,4
0.655469,0.584023,0.7,23,8
0.735882,0.873614,0.7,27,13
0.870205,0.604384,0.7,26,16
0.511495,0.793528,0.7,14,5
0.610045,0.467407,0.7,18,8
0.556593,0.735883,0.7,13,8
0.230395,0.421696,0.7,8,3
0.646512,0.20556,0.7,14,5
0.761224,0.368505,0.7,21,8
0.664693,0.907512,0.7,20,4
0.343882,0.582957,0.7,14,8
0.534347,0.897977,0.7,22,7
0.571787,0.773097,0.7,16,5
0.76855,0.292329,0.7,17,8
0.474046,0.878195,0.7,14,5
0.603566,0.443127,0.7,23,12
0.440655,0.6087,0.7,10,6
0.675693,0.435691,0.7,19,7
0.800962,0.981259,0.7,23,10
0.428906,0.216754,0.7,13,7
0.661535,0.337706,0.7,18,8
0.60737,0.220228,0.7,13,5
0.652365,0.943081,0.7,21,11
0.450032,0.430759,0.7,10,4
0.76505,0.337605,0.7,14,4
0.614266,0.414907,0.7,21,10
0.531581,0.215075,0.7,18,4
0.796153,0.60643,0.7,24,11
0.462233,0.623037,0.7,10,3
0.708226,0.823944,0.7,20,9
0.498147,0.890078,0.7,14,5
0.642004,0.209461,0.7,18,7
1,0.945525,0.7,27,12
0.564896,0.728472,0.7,17,10
0.719887,0.440699,0.7,19,8
0.802258,0.717306,0.7,23,9
0.802164,0.709863,0.7,22,8
0.438471,0.376788,0.7,10,3
0.6273,0.907033,0.7,24,10
0.766216,0.862696,0.7,16,7
0.365644,0.786967,0.7,10,4
0.441787,0.483513,0.7,13,6
0.684264,0.934706,0.7,18,5
0.710696,0.863577,0.7,17,7
0.67166,0.645113,0.7,20,9
0.724996,0.915062,0.7,18,2
0.285716,0.970847,0.7,5,1
0.859815,0.978135,0.7,30,17
0.712771,0.358025,0.7,15,7
0.484571,0.437649,0.7,11,3
0.524905,0.741569,0.7,14,6
0.640803,0.526112,0.7,20,13
0.740596,0.436346,0.7,20,14
0.62924,0.66114,0.7,22,11
0.504519,0.481201,0.7,16,7
0.584445,0.708542,0.7,22,9
0.516699,0.913845,0.7,19,6
0.445828,0.495744,0.7,9,4
0.737892,0.86882,0.7,19,11
0.81554,0.424179,0.7,23,13
0.492977,0.545661,0.7,15,4
0.870239,0.526482,0.7,23,14
0.732559,0.224478,0.7,17,8
0.632693,0.659646,0.7,22,9
0.473404,0.875971,0.7,11,5
0.376726,0.29304,0.7,13,9
0.745156,0.600745,0.7,12,4
0.36812,0.831252,0.7,11,8
0.619145,0.497587,0.7,20,7
0.598875,0.541736,0.7,16,12
0.700668,0.365876,0.7,13,7
0.387339,0.449584,0.7,14,4
0.384413,0.423024,0.7,11,7
0.316902,0.64013,0.7,7,3
0.480505,0.269282,0.7,22,10
0.768747,0.884574,0.7,33,16
0.642499,0.446916,0.7,14,5
0.473548,0.774331,0.7,9,5
0.707916,0.337396,0.7,18,9
0.772551,0.701209,0.7,21,12
0.35361,0.460205,0.7,12,5
0.522425,0.567674,0.7,11,5
0.79442,0.607631,0.7,21,8
0.790137,0.394216,0.7,22,9
0.730818,0.226198,0.7,18,4
0.675518,0.914793,0.7,33,9
0.516322,0.201078,0.7,13,6
0.565739,0.974337,0.7,11,7
0.628827,0.2354,0.7,10,6
0.700562,0.269649,0.7,19,9
0.81135,0.44159,0.7,15,5
0.632683,0.657055,0.7,12,4
0.566277,0.952285,0.7,19,9
0.536391,0.798714,0.7,12,7
0.629356,0.72848,0.7,15,6
0.853529,0.986462,0.7,24,9
0.513139,0.384276,0.7,13,4
0.610114,0.581199,0.7,18,8
0.415277,0.88635,0.7,5,3
0.282755,0.740999,0.7,4,2
0.627229,0.267648,0.7,15,9
0.311593,0.696409,0.7,6,3
0.673964,0.879534,0.7,25,10
0.45804,0.499116,0.7,14,1
0.744091,0.736617,0.7,20,11
0.529025,0.684479,0.7,21,12
0.71522,0.512181,0.7,29,10
0.485786,0.252701,0.7,15,5
0.614346,0.45957,0.7,16,7
0.683469,0.294346,0.7,19,7
0.55282,0.908238,0.7,10,2
0.33794,0.723273,0.7,11,3
0.494201,0.905519,0.7,14,4
0.651225,0.240659,0.7,16,4
0.503502,0.518196,0.7,12,4
1,0.439548,0.7,24,10
0.687791,0.711814,0.7,23,10
0.832854,0.974102,0.7,28,11
0.486316,0.754382,0.7,10,4
0.490339,0.898542,0.7,6,3
0.568117,0.975183,0.7,14,2
0.456803,0.686882,0.7,8,2
0.584049,0.643589,0.7,11,8
0.474382,0.242661,0.7,14,5
0.733007,0.389126,0.7,18,9
0.49094,0.574247,0.7,11,7
0.644084,0.468278,0.7,10,5
0.361996,0.967131,0.7,8,1
0.599923,0.476712,0.7,16,3
0.539705,0.9132,0.7,20,9
0.832312,0.475258,0.7,21,8
0.710108,0.520928,0.7,20,10
0.564958,0.820459,0.7,17,6
0.445836,0.673819,0.7,11,5
0.823419,0.323659,0.7,32,13
0.814297,0.655325,0.7,11,6
0.854677,0.771733,0.7,26,7
0.449527,0.405913,0.7,10,4
0.447953,0.278146,0.7,14,8
0.539399,0.880811,0.7,8,4
0.798736,0.422444,0.7,21,13
0.537899,0.394464,0.7,9,2
0.779089,0.86199,0.7,26,14
0.580774,0.970155,0.7,15,4
0.801954,0.674447,0.7,24,11
0.644048,0.843417,0.7,26,9
0.483906,0.749242,0.7,12,6
0.544736,0.354875,0.7,17,8
0.639625,0.203258,0.7,14,7
0.293546,0.328781,0.7,8,5
0.699178,0.485826,0.7,25,12
0.39753,0.923152,0.7,9,7
0.617918,0.443075,0.7,16,10
0.89021,0.336811,0.7,16,8
0.76147,0.962086,0.7,26,12
0.414481,0.649556,0.7,10,1
0.566472,0.912734,0.7,12,4
0.55231,0.931867,0.7,18,8
0.66991,0.767135,0.7,35,19
0.708262,0.928686,0.7,23,6
0.429058,0.401963,0.7,19,8
0.672265,0.644442,0.7,15,9
0.419683,0.57368,0.7,13,7
0.693442,0.66559,0.7,18,10
0.632024,0.689364,0.7,24,11
0.617777,0.979212,0.7,15,5
0.600808,0.769982,0.7,23,12
0.506962,0.608367,0.7,17,6
0.542693,0.413496,0.7,15,8
0.447413,0.254012,0.7,8,4
0.555675,0.58992,0.7,18,9
0.500624,0.308981,0.7,18,7
0.705432,0.317605,0.7,14,6
0.587484,0.602979,0.7,15,5
0.187859,0.777094,0.7,2,0
0.704776,0.614512,0.7,19,7
0.583736,0.844393,0.7,14,8
0.979491,0.218297,0.7,8,5
0.600148,0.818066,0.7,13,7
0.728407,0.517425,0.7,28,15
0.676239,0.243011,0.7,11,4
0.359582,0.380644,0.7,12,6
0.442099,0.694647,0.7,12,3
0.577732,0.875495,0.7,23,12
0.649281,0.898229,0.7,21,9
0.758634,0.207891,0.7,18,5
0.774488,0.303398,0.7,20,7
0.592753,0.807699,0.7,25,8
0.543672,0.944927,0.7,16,8
0.350426,0.765846,0.7,8,2
0.778488,0.257847,0.7,10,5
0.83301,0.886636,0.7,25,10
0.605541,0.275785,0.7,16,8
0.513139,0.367822,0.7,13,4
0.565397,0.330146,0.7,20,9
0.658121,0.412721,0.7,15,4
0.735174,0.456055,0.7,17,3
0.528924,0.491455,0.7,10,4
0.369789,0.31882,0.7,9,4
0.767206,0.88508,0.7,19,9
0.51805,0.97015,0.7,9,4
0.704692,0.616403,0.7,17,6
0.501504,0.327132,0.7,12,4
0.635618,0.855992,0.7,18,9
0.518405,0.875105,0.7,22,14
0.780642,0.421184,0.7,20,7
0.609052,0.9235,0.7,18,6
0.680476,0.913969,0.7,17,5
0.555809,0.980815,0.7,14,4
0.808022,0.588982,0.7,20,10
0.849349,0.582892,0.7,24,8
0.639724,0.958264,0.7,31,15
0.477223,0.995878,0.7,19,8
0.492543,0.615142,0.7,18,7
0.664777,0.783433,0.7,35,16
0.371229,0.990768,0.7,7,2
0.523093,0.429049,0.7,14,4
0.673042,0.218629,0.7,10,6
0.634878,0.714695,0.7,18,4
0.335099,0.289029,0.7,13,9
0.469027,0.361122,0.7,12,7
0.385247,0.296688,0.7,13,7
0.603347,0.673922,0.7,12,3
0.787023,0.462276,0.7,26,8
0.438429,0.275578,0.7,11,4
0.628172,0.886362,0.7,23,11
0.657699,0.553989,0.7,16,7
0.788457,0.357909,0.7,18,7
0.548804,0.901452,0.7,24,12
0.523952,0.556683,0.7,13,10
0.271079,0.721698,0.7,4,2
0.381868,0.573603,0.7,12,4
0.659511,0.861457,0.7,24,11
0.530492,0.869206,0.7,16,6
0.488391,0.965661,0.7,10,3
0.626941,0.201043,0.7,26,9
0.583761,0.846986,0.7,24,14
0.746187,0.344636,0.7,17,5
0.72881,0.553767,0.7,19,10
0.834813,0.787187,0.7,23,9
0.682348,0.345434,0.7,19,8
0.371904,0.629669,0.7,15,8
0.617204,0.288085,0.7,15,6
0.644208,0.596168,0.7,12,2
0.564468,0.76176,0.7,13,4
0.39574,0.551952,0.7,12,9
0.622764,0.76053,0.7,20,10
0.566431,0.903835,0.7,10,7
0.687674,0.699698,0.7,21,8
0.51274,0.856933,0.7,19,7
0.588512,0.838144,0.7,20,8
0.456246,0.994523,0.7,4,3
0.567783,0.561845,0.7,16,9
0.50195,0.629689,0.7,16,5
0.603053,0.336035,0.7,13,9
0.785311,0.589262,0.7,21,12
0.434383,0.587188,0.7,12,4
0.477333,0.820993,0.7,4,3
0.628582,0.665216,0.7,14,6
0.772656,0.296548,0.7,27,11
0.646575,0.886632,0.7,22,10
0.860322,0.318784,0.7,14,6
0.773025,0.60755,0.7,27,11
0.718593,0.598064,0.7,14,5
0.762671,0.877645,0.7,25,7
0.717189,0.493988,0.7,26,10
0.736388,0.384089,0.7,9,5
0.723155,0.645161,0.7,23,11
0.446991,0.690222,0.7,10,4
0.792359,0.787045,0.7,19,9
0.550026,0.74173,0.7,17,8
0.761439,0.905383,0.7,18,6
0.709763,0.25541,0.7,20,9
0.671852,0.579724,0.7,25,9
0.436388,0.838981,0.7,11,5
0.476392,0.306797,0.7,7,4
0.526175,0.594659,0.7,13,7
0.817852,0.901028,0.7,27,12
0.670847,0.858664,0.7,23,11
0.443745,0.9493,0.7,11,10
0.399393,0.785783,0.7,10,2
0.355508,0.550882,0.7,10,5
0.693498,0.281053,0.7,16,6
0.798282,0.505088,0.7,23,10
0.379438,0.717798,0.7,10,4
0.446808,0.957124,0.7,14,8
0.55565,0.573609,0.7,16,5
0.521092,0.371889,0.7,10,5
0.657247,0.936312,0.7,27,13
0.600331,0.388017,0.7,19,6
0.453695,0.702168,0.7,16,9
0.446406,0.59413,0.7,10,2
0.676227,0.394459,0.7,11,4
0.464727,0.820078,0.7,7,2
0.297912,0.851638,0.7,4,2
0.623663,0.403996,0.7,13,4
0.615463,0.639845,0.7,16,4
0.628231,0.869107,0.7,7,2
0.671178,0.447486,0.7,18,10
0.629417,0.801,0.7,15,7
0.396488,0.851485,0.7,10,8
0.477324,0.306164,0.7,13,7
0.437466,0.970546,0.7,11,3
0.475068,0.991287,0.7,16,6
0.725991,0.769157,0.7,22,6
0.368251,0.800762,0.7,9,4
0.648429,0.866627,0.7,18,6
0.52448,0.585876,0.7,14,9
0.86908,0.539674,0.7,25,15
0.723555,0.888525,0.7,31,11
0.660178,0.215302,0.7,14,4
0.720621,0.407201,0.7,14,9
0.571809,0.610965,0.7,11,4
0.728545,0.51823,0.7,17,10
0.710162,0.958322,0.7,23,7
0.356257,0.950531,0.7,5,3
0.883663,0.899296,0.7,25,10
0.714057,0.784362,0.7,22,7
0.666895,0.423938,0.7,12,6
0.752272,0.289355,0.7,20,11
0.625202,0.511358,0.7,26,9
0.724464,0.600217,0.7,24,13
0.701604,0.544038,0.7,16,7
0.741304,0.302464,0.7,17,7
0.602792,0.848863,0.7,20,9
0.460983,0.270902,0.7,13,5
0.601052,0.952336,0.7,20,8
0.463036,0.883927,0.7,17,9
0.690317,0.795638,0.7,19,9
0.61019,0.536204,0.7,16,7
0.222255,0.824739,0.7,7,3
0.575687,0.909938,0.7,15,7
0.80244,0.334722,0.7,14,6
0.608643,0.978593,0.7,13,2
0.569009,0.856953,0.7,16,6
0.691906,0.811936,0.7,11,3
0.634098,0.441156,0.7,32,9
0.576236,0.251594,0.7,18,6
0.549369,0.512938,0.7,12,4
0.478724,0.996413,0.7,20,10
0.782611,0.326482,0.7,17,6
0.812658,0.304178,0.7,19,13
0.649651,0.296793,0.7,13,5
0.673016,0.720555,0.7,21,7
0.678654,0.527487,0.7,19,10
0.757322,0.352385,0.7,15,4
1,0.69169,0.7,17,10
0.433135,0.378914,0.7,14,7
0.639829,0.792628,0.7,18,6
0.657899,0.586093,0.7,20,6
0.58506,0.28077,0.7,15,5
0.352309,0.667355,0.7,14,5
0.667447,0.775454,0.7,24,13
0.53275,0.491341,0.7,11,6
0.433449,0.521712,0.7,13,5
0.410731,0.97597,0.7,15,8
0.644819,0.803111,0.7,18,11
0.372896,0.630256,0.7,7,1
0.593824,0.51508,0.7,13,8
0.59021,0.699556,0.7,18,10
0.672279,0.370687,0.7,22,11
0.316088,0.485249,0.7,10,5
0.712716,0.447709,0.7,16,6
0.741423,0.894095,0.7,26,13
0.629553,0.466128,0.7,14,6
0.527627,0.70109,0.7,12,2
0.486928,0.997536,0.7,15,8
0.536191,0.830895,0.7,9,5
0.508326,0.992447,0.7,19,13
0.611,0.809433,0.7,18,11
0.785197,0.868076,0.7,18,7
0.810399,0.356361,0.7,20,9
0.610084,0.813296,0.7,16,7
0.684574,0.826562,0.7,19,8
0.512916,0.401494,0.7,15,3
0.636835,0.836348,0.7,22,9
0.539338,0.606652,0.7,16,6
0.766558,0.329217,0.7,17,7
0.64387,0.659258,0.7,23,12
0.400336,0.378355,0.7,15,9
0.459117,0.200401,0.7,10,5
0.625232,0.579815,0.7,13,3
0.550872,0.239796,0.7,12,7
0.648638,0.278864,0.7,19,7
0.523675,0.431537,0.7,18,9
0.533185,0.361529,0.7,18,8
0.424758,0.712585,0.7,18,8
1,0.486494,0.7,26,5
0.489081,0.581346,0.7,12,8
0.560926,0.578303,0.7,11,4
0.720159,0.480554,0.7,23,8
0.778958,0.623071,0.7,19,10
0.496313,0.518077,0.7,18,6
0.523972,0.43376,0.7,14,6
0.896451,0.511757,0.7,23,9
0.492821,0.612885,0.7,15,5
0.479265,0.835522,0.7,11,6
0.375508,0.640147,0.7,14,5
0.586083,0.392076,0.7,19,6
0.719339,0.912245,0.7,18,7
0.626748,0.399766,0.7,11,6
0.655992,0.54362,0.7,18,10
0.485753,0.307014,0.7,9,4
0.708531,0.452849,0.7,15,9
0.60878,0.895917,0.7,19,9
0.725082,0.689227,0.7,16,10
1,0.531825,0.7,20,8
0.762319,0.421224,0.7,23,12
0.692558,0.376944,0.7,12,3
0.690716,0.485736,0.7,18,8
0.624934,0.506385,0.7,15,9
0.694816,0.36387,0.7,26,14
0.552579,0.815609,0.7,16,8
0.369918,0.483919,0.7,12,4
0.533993,0.237545,0.7,14,11
0.270838,0.965164,0.7,5,4
0.611532,0.564674,0.7,20,8
0.45685,0.674764,0.7,9,7
0.588147,0.426407,0.7,12,6
0.555965,0.378797,0.7,18,9
0.573057,0.3878,0.7,14,6
0.58495,0.65665,0.7,18,5
0.680988,0.391853,0.7,15,7
0.633196,0.713344,0.7,10,6
0.40172,0.522081,0.7,12,5
0.590533,0.413099,0.7,17,11
0.688333,0.62032,0.7,15,6
0.627817,0.334563,0.7,16,5
0.439287,0.430128,0.7,6,3
0.6586,0.736568,0.7,24,11
0.532381,0.544314,0.7,12,5
0.522113,0.962379,0.7,20,11
0.527146,0.30389,0.7,17,7
0.312181,0.320355,0.7,7,5
0.53386,0.28385,0.7,19,14
0.658253,0.435353,0.7,19,8
0.612303,0.283335,0.7,14,8
0.544765,0.934618,0.7,16,10
0.63121,0.729818,0.7,16,10
0.372959,0.312694,0.7,12,3
0.608379,0.51401,0.7,14,5
0.839863,0.61662,0.7,37,16
0.724325,0.570011,0.7,19,8
0.568669,0.801176,0.7,13,7
0.817126,0.692048,0.7,28,12
0.690047,0.870202,0.7,22,10
0.457257,0.434659,0.7,15,3
0.272299,0.708558,0.7,4,3
0.617273,0.303997,0.7,14,6
0.779545,0.439064,0.7,17,5
0.529951,0.345083,0.7,12,7
0.458412,0.698732,0.7,14,8
0.626267,0.470264,0.7,15,8
0.710978,0.302818,0.7,10,5
0.607776,0.891954,0.7,24,12
0.932109,0.207418,0.7,14,8
0.634423,0.31102,0.7,16,5
0.289054,0.382174,0.7,9,4
0.606635,0.796739,0.7,19,8
0.641016,0.699792,0.7,14,4
0.779909,0.528129,0.7,20,7
0.729248,0.697472,0.7,24,10
0.685699,0.598593,0.7,14,5
0.227374,0.873737,0.7,4,3
0.437199,0.640057,0.7,12,5
0.699641,0.812986,0.7,25,10
0.704568,0.790063,0.7,18,10
0.465302,0.397479,0.7,17,5
0.398026,0.748467,0.7,8,2
0.667161,0.727209,0.7,15,6
0.663049,0.959789,0.7,21,10
0.624322,0.447684,0.7,20,8
0.666545,0.822247,0.7,27,11
0.741665,0.412872,0.7,20,9
0.675213,0.994596,0.7,17,8
0.621544,0.722922,0.7,22,8
0.555491,0.946819,0.7,19,11
0.595736,0.411642,0.7,15,5
0.736292,0.550487,0.7,22,6
0.727348,0.364442,0.7,15,6
0.792952,0.911282,0.7,27,10
0.408517,0.39894,0.7,15,7
0.622138,0.651438,0.7,19,10
0.516052,0.613715,0.7,16,7
0.648865,0.727571,0.7,28,11
0.60122,0.404686,0.7,15,5
0.838902,0.671151,0.7,22,6
0.597893,0.953573,0.7,19,11
0.444997,0.799366,0.7,20,12
0.510893,0.7098,0.7,8,2
1,0.403686,0.7,24,10
0.471911,0.748486,0.7,12,6
0.733847,0.623528,0.7,19,6
0.488195,0.311037,0.7,13,5
0.736161,0.207723,0.7,13,5
0.715279,0.690795,0.7,19,9
0.456998,0.359436,0.7,17,6
0.676711,0.535154,0.7,20,8
0.82779,0.447585,0.7,17,7
0.562887,0.583402,0.7,18,4
0.575184,0.723353,0.7,16,5
0.600799,0.202808,0.7,7,3
0.583823,0.923528,0.7,28,16
0.652412,0.257785,0.7,16,6
0.465314,0.502494,0.7,19,7
0.405165,0.241726,0.7,17,7
0.624209,0.480742,0.7,15,6
0.452751,0.443927,0.7,18,10
0.526881,0.206578,0.7,16,9
0.739815,0.525264,0.7,14,6
0.596769,0.995735,0.7,15,6
0.647548,0.264142,0.7,13,3
0.442997,0.659598,0.7,15,5
0.457952,0.477681,0.7,14,6
0.648279,0.630768,0.7,18,7
0.616946,0.792897,0.7,30,16
0.14452,0.756041,0.7,4,2
0.658217,0.476615,0.7,14,6
0.629676,0.7316,0.7,24,8
1,0.622111,0.7,20,9
0.665472,0.941895,0.7,21,15
0.652473,0.801776,0.7,17,7
0.352336,0.228484,0.7,12,5
0.542383,0.903533,0.7,11,6
0.557801,0.720818,0.7,12,7
0.510761,0.833858,0.7,24,7
0.537433,0.691357,0.7,14,3
0.607379,0.733699,0.7,16,9
0.914136,0.67553,0.7,37,16
0.721011,0.831375,0.7,21,6
0.611428,0.553951,0.7,18,7
0.61013,0.918992,0.7,26,11
0.545549,0.704424,0.7,14,3
0.598069,0.870205,0.7,24,8
0.636462,0.547489,0.7,15,9
0.514488,0.497374,0.7,11,7
0.432561,0.466772,0.7,12,7
0.631541,0.421878,0.7,15,8
0.468316,0.923399,0.7,15,3
0.652732,0.475999,0.7,15,8
0.687392,0.514301,0.7,20,13
0.502183,0.452678,0.7,16,9
0.439928,0.283825,0.7,20,9
0.557089,0.422171,0.7,11,6
0.537576,0.669965,0.7,16,8
0.41094,0.949834,0.7,9,5
0.5604,0.3604,0.7,14,3
0.487051,0.685696,0.7,19,6
0.653193,0.263647,0.7,22,12
0.731123,0.709522,0.7,22,13
0.616841,0.980191,0.7,20,6
1,0.590773,0.7,18,11
0.637006,0.872002,0.7,24,11
0.730188,0.688864,0.7,15,7
0.574705,0.468172,0.7,14,6
0.471179,0.248634,0.7,15,3
0.734273,0.849927,0.7,30,16
0.965403,0.330373,0.7,18,8
0.730618,0.701109,0.7,22,6
0.509258,0.242203,0.7,17,5
0.522296,0.722227,0.7,15,8
0.499457,0.548102,0.7,14,5
0.770153,0.744233,0.7,24,13
0.630293,0.635379,0.7,16,13
0.696001,0.631859,0.7,15,5
0.566424,0.910313,0.7,14,7
0.47074,0.269442,0.7,17,12
0.45946,0.566335,0.7,9,4
0.526417,0.664813,0.7,15,7
0.43878,0.552063,0.7,9,4
0.472409,0.372748,0.7,9,3
0.764927,0.98929,0.7,26,8
0.5496,0.288755,0.7,12,5
0.542271,0.538227,0.7,13,6
0.673,0.317469,0.7,14,6
0.777674,0.810799,0.7,27,15
0.596587,0.959854,0.7,22,10
0.437434,0.333034,0.7,15,8
0.553792,0.589043,0.7,15,4
0.480632,0.214943,0.7,16,12
0.411614,0.332889,0.7,11,5
0.556629,0.543171,0.7,20,9
0.462035,0.439902,0.7,20,8
0.626624,0.5876,0.7,17,6
0.458279,0.876665,0.7,12,4
0.822023,0.830589,0.7,23,8
0.680045,0.530776,0.7,20,8
0.830841,0.509344,0.7,21,6
0.524844,0.927793,0.7,13,7
0.460754,0.857114,0.7,14,5
0.835609,0.653203,0.7,14,7
0.55904,0.285553,0.7,15,11
0.606614,0.757323,0.7,9,3
0.594739,0.215274,0.7,10,5
0.542476,0.83025,0.7,22,11
0.914598,0.714706,0.7,20,10
0.70477,0.951707,0.7,27,13
0.569347,0.989463,0.7,18,9
0.799508,0.955394,0.7,25,11
0.496289,0.575588,0.7,10,2
0.534014,0.614269,0.7,20,9
0.706275,0.680668,0.7,24,12
0.631887,0.767887,0.7,21,11
0.520762,0.816189,0.7,10,5
0.789974,0.212661,0.7,10,4
0.372194,0.643815,0.7,12,5
0.454767,0.243335,0.7,13,5
0.597289,0.557315,0.7,13,4
0.310932,0.232533,0.7,11,5
0.489129,0.491982,0.7,17,6
0.601362,0.916975,0.7,20,10
0.322746,0.479703,0.7,7,2
0.618355,0.408037,0.7,12,7
0.377514,0.26491,0.7,13,9
0.482067,0.216788,0.7,9,5
0.81239,0.365609,0.7,15,8
0.433018,0.309131,0.7,16,5
0.604598,0.238515,0.7,15,5
0.738615,0.623048,0.7,25,6
0.744627,0.22829,0.7,15,6
0.472973,0.684745,0.7,8,4
0.565201,0.425539,0.7,13,2
0.675238,0.547089,0.7,12,6
0.456853,0.839609,0.7,16,10
0.629469,0.836804,0.7,14,6
0.441214,0.658998,0.7,14,5
0.338367,0.821842,0.7,8,4
0.718794,0.6089,0.7,18,11
0.654908,0.522023,0.7,16,4
0.472836,0.54105,0.7,9,1
0.699508,0.967098,0.7,15,8
0.804223,0.597914,0.7,12,3
0.742737,0.712043,0.7,28,9
0.723768,0.350501,0.7,20,8
0.434008,0.591251,0.7,10,6
0.57876,0.632026,0.7,21,12
0.436326,0.587921,0.7,9,2
0.533265,0.479195,0.7,8,4
0.726936,0.630771,0.7,23,10
0.366042,0.421892,0.7,12,4
0.284303,0.242215,0.7,8,5
0.701607,0.447006,0.7,16,6
0.400996,0.395639,0.7,8,2
0.539882,0.969133,0.7,18,7
0.532161,0.341345,0.7,15,5
0.571266,0.484587,0.7,15,8
0.400124,0.904013,0.7,8,2
0.558345,0.986876,0.7,15,5
0.390073,0.217328,0.7,9,0
0.684797,0.248916,0.7,13,9
0.810428,0.357677,0.7,19,8
0.507322,0.203189,0.7,15,8
0.645081,0.591318,0.7,14,7
0.544781,0.314109,0.7,15,9
0.670114,0.450026,0.7,19,9
0.732549,0.519237,0.7,23,8
0.651065,0.664988,0.7,19,8
0.956853,0.973084,0.7,29,14
0.731803,0.957698,0.7,19,6
0.406356,0.947317,0.7,9,4
0.653238,0.957159,0.7,24,13
0.56957,0.878607,0.7,23,9
0.707889,0.976884,0.7,20,7
0.745554,0.25282,0.7,8,2
0.639208,0.6849,0.7,22,7
0.716829,0.706204,0.7,23,9
0.435251,0.729537,0.7,8,4
0.855431,0.710877,0.7,30,15
0.65985,0.333876,0.7,20,7
0.561559,0.312419,0.7,14,4
0.508882,0.291929,0.7,15,7
0.514478,0.723355,0.7,13,3
0.671128,0.5872,0.7,16,8
0.417957,0.402273,0.7,14,6
0.555745,0.747559,0.7,12,8
0.614977,0.248766,0.7,21,8
0.549683,0.968738,0.7,11,8
0.814547,0.9199,0.7,24,9
0.740902,0.726369,0.7,16,7
0.640513,0.959635,0.7,14,4
0.69005,0.692192,0.7,21,13
0.751815,0.94618,0.7,23,10
0.524068,0.446369,0.7,25,10
0.577644,0.598944,0.7,13,8
0.705759,0.969003,0.7,30,15
0.471798,0.581278,0.7,23,8
0.62878,0.655134,0.7,20,5
0.748919,0.544098,0.7,14,9
0.631413,0.83888,0.7,24,10
0.657668,0.998298,0.7,19,9
0.50599,0.23015,0.7,14,5
0.62223,0.374617,0.7,16,11
0.784243,0.623158,0.7,20,11
0.328436,0.687538,0.7,11,5
0.606522,0.210043,0.7,8,4
0.579297,0.534491,0.7,15,4
0.611903,0.355259,0.7,13,5
0.731594,0.446755,0.7,12,7
0.595283,0.93727,0.7,10,5
0.631841,0.608825,0.7,16,8
0.537608,0.476907,0.7,8,2
0.639504,0.921614,0.7,25,7
0.525852,0.279521,0.7,9,6
0.574494,0.520915,0.7,14,9
0.561942,0.71475,0.7,16,5
0.63516,0.937647,0.7,18,5
0.694478,0.545911,0.7,24,8
0.44953,0.920796,0.7,17,7
0.714201,0.388952,0.7,25,10
0.675898,0.834823,0.7,35,13
0.671858,0.478592,0.7,20,6
0.536911,0.767912,0.7,15,5
0.526245,0.629618,0.7,18,7
0.444699,0.868858,0.7,17,8
0.899892,0.863953,0.7,23,11
0.214021,0.521772,0.7,5,0
0.674849,0.633345,0.7,19,8
0.726709,0.968435,0.7,27,9
0.633283,0.582026,0.7,13,7
0.728018,0.285548,0.7,14,6
0.740807,0.711722,0.7,20,3
0.61884,0.471641,0.7,23,13
0.655574,0.687333,0.7,17,6
0.449638,0.514683,0.7,14,7
0.856955,0.739154,0.7,19,10
0.754467,0.993114,0.7,23,11
0.463022,0.464504,0.7,22,11
0.649157,0.543326,0.7,13,6
0.500702,0.921074,0.7,10,3
0.695862,0.385257,0.7,22,11
0.72119,0.515338,0.7,19,12
0.716725,0.225079,0.7,13,5
0.755214,0.627656,0.7,14,10
0.45582,0.402916,0.7,13,4
0.53821,0.577851,0.7,19,13
0.61768,0.550034,0.7,13,4
0.529813,0.862598,0.7,12,4
0.630781,0.356147,0.7,21,11
0.610336,0.809391,0.7,16,8
0.389684,0.771528,0.7,12,4
0.681192,0.815201,0.7,23,9
0.553319,0.820392,0.7,20,10
0.654453,0.510403,0.7,14,6
0.334673,0.237464,0.7,12,6
0.290133,0.754368,0.7,6,1
0.514746,0.81118,0.7,9,2
0.934534,0.349905,0.7,19,8
0.631935,0.596737,0.7,21,10
0.508194,0.562749,0.7,14,6
0.732629,0.631259,0.7,14,5
0.719226,0.45237,0.7,24,10
0.701113,0.83475,0.7,28,11
0.684803,0.780704,0.7,14,6
0.715252,0.651851,0.7,23,15
0.703938,0.879154,0.7,29,9
0.525575,0.873592,0.7,16,9
0.668329,0.890094,0.7,20,6
0.511812,0.291502,0.7,15,4
0.610865,0.215227,0.7,15,11
0.622078,0.72937,0.7,9,3
0.674705,0.610802,0.7,22,12
0.368225,0.950366,0.7,7,2
0.496872,0.921042,0.7,16,5
0.614614,0.30605,0.7,11,4
0.584633,0.245958,0.7,14,8
0.393076,0.627915,0.7,2,1
0.543206,0.822948,0.7,12,6
0.66753,0.428555,0.7,16,4
0.693047,0.718069,0.7,23,11
0.70931,0.399442,0.7,16,7
0.769135,0.518434,0.7,21,11
0.498933,0.335058,0.7,3,2
0.540277,0.935721,0.7,13,9
0.654014,0.41166,0.7,18,12
0.615592,0.722259,0.7,15,9
0.625051,0.551973,0.7,8,1
0.805688,0.315413,0.7,20,7
0.724478,0.689473,0.7,18,8
0.641826,0.250748,0.7,13,6
0.844796,0.978405,0.7,33,16
0.68535,0.8714,0.7,25,8
0.76797,0.214455,0.7,21,11
0.954924,0.874967,0.7,22,9
0.896963,0.20758,0.7,23,11
0.511209,0.831597,0.7,7,1
0.542605,0.338695,0.7,11,3
0.347679,0.89044,0.7,5,2
0.324609,0.206207,0.7,13,8
0.796281,0.506809,0.7,27,11
0.363057,0.8291,0.7,7,2
0.423272,0.463911,0.7,13,5
0.497063,0.739446,0.7,12,5
0.379367,0.602937,0.7,11,2
0.685483,0.538352,0.7,22,11
0.588685,0.383212,0.7,19,6
0.65631,0.978207,0.7,13,8
0.630867,0.844066,0.7,35,16
0.713597,0.476047,0.7,21,11
0.876469,0.926844,0.7,23,9
0.735823,0.7291,0.7,28,11
0.582498,0.700883,0.7,12,3
0.559712,0.277214,0.7,10,5
0.669752,0.243774,0.7,16,9
0.553171,0.374336,0.7,19,9
0.790887,0.532194,0.7,22,11
0.870086,0.550466,0.7,22,14
0.330204,0.981403,0.7,4,2
0.582828,0.246277,0.7,10,6
0.59333,0.303658,0.7,18,9
0.529629,0.795268,0.7,18,6
0.57155,0.557238,0.7,11,7
0.640245,0.23396,0.7,17,6
0.706922,0.792992,0.7,17,10
0.793215,0.582656,0.7,20,12
0.509369,0.718585,0.7,12,4
0.405663,0.34384,0.7,14,8
0.53298,0.679422,0.7,22,10
0.521117,0.280714,0.7,16,8
0.412636,0.991724,0.7,9,4
0.704569,0.941476,0.7,26,10
0.720854,0.358371,0.7,16,8
0.575535,0.609559,0.7,13,5
0.619886,0.295499,0.7,18,7
1,0.944718,0.7,28,18
0.809653,0.711916,0.7,20,5
0.617565,0.381168,0.7,18,8
0.755088,0.643798,0.7,31,16
0.439555,0.926461,0.7,13,5
0.683033,0.835624,0.7,20,8
0.725386,0.920554,0.7,27,9
0.84926,0.631113,0.7,17,6
0.44871,0.948515,0.7,12,4
0.81412,0.981583,0.7,21,9
0.364745,0.800504,0.7,5,0
0.40871,0.668701,0.7,9,6
0.817424,0.898282,0.7,24,11
0.255205,0.727183,0.7,7,3
0.554982,0.208641,0.7,14,8
0.470766,0.467112,0.7,19,9
0.617566,0.625053,0.7,20,6
0.599603,0.741892,0.7,23,8
0.483547,0.43487,0.7,13,8
0.72692,0.307919,0.7,19,9
0.140374,0.543266,0.7,5,3
0.70437,0.706142,0.7,23,14
0.673155,0.236505,0.7,15,6
0.497659,0.537885,0.7,20,7
0.698824,0.604158,0.7,21,9
0.380426,0.459137,0.7,10,7
0.535292,0.336985,0.7,13,5
0.623119,0.274,0.7,17,7
0.548266,0.316384,0.7,12,3
0.602673,0.961823,0.7,19,12
0.50166,0.845863,0.7,20,9
0.564681,0.275854,0.7,17,8
0.759687,0.711566,0.7,22,12
0.582013,0.262726,0.7,4,1
0.576032,0.719033,0.7,21,10
0.81339,0.580688,0.7,18,11
0.641203,0.996118,0.7,17,8
0.528586,0.973344,0.7,20,7
0.29142,0.742136,0.7,6,3
0.457863,0.498802,0.7,12,8
0.431226,0.340278,0.7,12,5
0.406519,0.205276,0.7,11,7
0.640716,0.227184,0.7,11,3
0.493168,0.669758,0.7,21,8
0.826404,0.798954,0.7,28,14
0.614927,0.567775,0.7,24,9
0.826009,0.986272,0.7,34,11
0.657377,0.771419,0.7,19,12
0.811625,0.309483,0.7,19,10
0.555272,0.666795,0.7,16,8
0.516047,0.74202,0.7,10,3
0.494194,0.866415,0.7,14,6
0.508483,0.512594,0.7,7,4
0.272866,0.701726,0.7,4,0
0.587864,0.387253,0.7,15,8
0.859659,0.804566,0.7,28,15
0.729458,0.742135,0.7,20,10
0.62216,0.306176,0.7,11,6
0.738664,0.326736,0.7,15,6
0.563837,0.618403,0.7,18,7
0.582795,0.950867,0.7,16,10
0.566407,0.855829,0.7,16,8
0.627166,0.665513,0.7,18,8
0.844329,0.262728,0.7,20,10
0.330743,0.765958,0.7,2,1
0.646601,0.494411,0.7,12,6
0.826672,0.605932,0.7,26,7
0.710701,0.837002,0.7,20,7
0.707411,0.629923,0.7,22,9
0.780217,0.515497,0.7,12,4
0.653881,0.318848,0.7,13,5
0.669254,0.393052,0.7,17,9
0.735142,0.991106,0.7,22,7
0.493303,0.279381,0.7,9,3
0.68281,0.319599,0.7,13,6
0.584237,0.942243,0.7,19,12
0.514003,0.645989,0.7,15,5
0.578389,0.839281,0.7,20,8
0.485017,0.250366,0.7,12,4
0.44116,0.358767,0.7,11,4
0.639666,0.558719,0.7,22,11
0.660079,0.628584,0.7,24,11
0.477002,0.755555,0.7,13,5
0.4946,0.552558,0.7,8,4
0.468395,0.970748,0.7,10,6
0.713732,0.701239,0.7,26,14
0.449763,0.415272,0.7,13,6
0.584106,0.222742,0.7,17,6
0.551027,0.345891,0.7,12,4
0.64831,0.494779,0.7,13,5
0.748098,0.434217,0.7,18,5
0.615422,0.260191,0.7,20,10
0.32535,0.614246,0.7,14,5
0.779861,0.610379,0.7,17,5
0.35872,0.943402,0.7,12,4
0.720982,0.685282,0.7,19,10
0.772724,0.897548,0.7,26,13
0.840155,0.904105,0.7,31,12
0.559771,0.338523,0.7,10,4
0.419186,0.9944,0.7,10,2
0.528919,0.580165,0.7,12,5
0.644374,0.675305,0.7,11,3
0.129602,0.361329,0.7,10,4
0.732416,0.202923,0.7,16,8
0.135744,0.345049,0.7,12,4
0.65239,0.652673,0.7,24,12
0.526257,0.630469,0.7,7,1
0.630099,0.607037,0.7,14,5
0.534709,0.294625,0.7,13,6
0.470487,0.38369,0.7,15,6
0.551054,0.815629,0.7,10,5
0.595498,0.393933,0.7,18,8
0.490692,0.850107,0.7,15,10
0.651366,0.518268,0.7,9,4
0.593652,0.605834,0.7,21,11
0.761897,0.811748,0.7,15,5
0.662771,0.354907,0.7,13,2
0.433737,0.581117,0.7,11,2
0.770039,0.570086,0.7,29,17
0.540813,0.285774,0.7,12,7
0.806723,0.202968,0.7,12,4
0.808478,0.21171,0.7,10,2
0.715648,0.363757,0.7,18,5
0.647143,0.256894,0.7,18,9
0.437183,0.733027,0.7,6,4
0.369522,0.726451,0.7,10,5
0.775562,0.697403,0.7,13,4
0.669878,0.541465,0.7,20,5
0.466334,0.344392,0.7,10,6
0.61811,0.581372,0.7,15,7
0.524198,0.742967,0.7,19,10
0.787003,0.669059,0.7,21,10
0.59854,0.256685,0.7,17,7
0.746651,0.597318,0.7,19,10
0.699909,0.984172,0.7,20,8
0.78616,0.375843,0.7,13,7
0.821079,0.998619,0.7,27,11
0.687927,0.232839,0.7,13,4
0.51608,0.826592,0.7,17,9
0.581134,0.627391,0.7,15,6
0.561988,0.773356,0.7,21,14
0.739876,0.784558,0.7,22,8
0.757156,0.862739,0.7,33,8
0.491931,0.973877,0.7,12,5
0.669929,0.740899,0.7,21,9
0.324352,0.881039,0.7,8,3
0.474783,0.541166,0.7,18,6
0.422242,0.802283,0.7,13,7
0.503884,0.477497,0.7,17,5
0.475123,0.71316,0.7,17,8
0.774627,0.91768,0.7,23,10
0.501619,0.281018,0.7,17,9
0.627232,0.603734,0.7,12,4
0.592229,0.721465,0.7,7,5
0.579457,0.266437,0.7,17,7
0.742517,0.667379,0.7,28,11
0.517793,0.874549,0.7,12,9
0.642568,0.65137,0.7,21,8
0.788875,0.466499,0.7,17,6
0.808255,0.250826,0.7,21,10
0.60517,0.235186,0.7,13,9
0.422827,0.235669,0.7,15,8
0.873271,0.337494,0.7,12,6
0.506536,0.776871,0.7,18,10
0.581451,0.796962,0.7,12,3
0.717657,0.480794,0.7,18,5
0.829994,0.73203,0.7,22,9
0.752187,0.980582,0.7,26,14
0.229652,0.86999,0.7,2,1
0.822749,0.279326,0.7,18,12
0.544425,0.450276,0.7,17,4
0.576728,0.963402,0.7,21,9
0.690451,0.241539,0.7,11,4
0.750985,0.403021,0.7,15,7
0.665182,0.24484,0.7,18,8
0.711272,0.461864,0.7,14,6
0.384684,0.623629,0.7,11,2
0.703626,0.234782,0.7,18,7
0.588356,0.695429,0.7,18,8
0.398874,0.854194,0.7,6,4
0.391307,0.249334,0.7,16,7
0.495152,0.385439,0.7,14,4
0.805331,0.207139,0.7,17,9
0.518554,0.603039,0.7,20,8
0.821074,0.40943,0.7,15,5
0.666301,0.533725,0.7,20,9
0.542751,0.324782,0.7,13,7
0.501428,0.970272,0.7,16,7
0.534329,0.425853,0.7,19,12
0.712115,0.861043,0.7,23,9
0.498741,0.699685,0.7,20,12
0.651095,0.907486,0.7,34,15
0.733331,0.879133,0.7,22,8
0.732472,0.57192,0.7,16,9
0.467719,0.344094,0.7,17,3
0.201688,0.784191,0.7,4,3
0.574368,0.438783,0.7,13,8
0.45739,0.973915,0.7,13,7
0.796701,0.681496,0.7,18,7
0.534336,0.662056,0.7,23,10
0.863358,0.367089,0.7,27,15
0.491637,0.467359,0.7,15,5
0.5916,0.391674,0.7,17,5
0.390271,0.974231,0.7,2,1
0.553825,0.501217,0.7,11,7
0.541054,0.536765,0.7,19,8
0.475463,0.753568,0.7,13,9
0.458505,0.375798,0.7,12,3
0.547356,0.67586,0.7,11,4
0.5302,0.864667,0.7,14,8
0.825281,0.352529,0.7,20,13
0.508426,0.44279,0.7,15,8
0.500712,0.537567,0.7,12,7
0.416251,0.240729,0.7,16,10
0.602699,0.881989,0.7,16,7
0.563829,0.588859,0.7,13,6
0.46514,0.234437,0.7,15,7
0.916638,0.318871,0.7,14,3
0.641827,0.762594,0.7,24,12
0.562158,0.701665,0.7,13,9
0.74654,0.573906,0.7,21,11
0.297298,0.364376,0.7,13,9
0.534015,0.633962,0.7,16,7
0.385274,0.777865,0.7,8,3
0.442567,0.248206,0.7,19,6
0.661862,0.366459,0.7,21,7
0.676977,0.280506,0.7,11,6
0.594827,0.592884,0.7,13,5
0.556055,0.670226,0.7,12,5
0.787356,0.547578,0.7,20,13
0.495348,0.31825,0.7,12,6
0.505035,0.503568,0.7,11,6
0.513588,0.45877,0.7,12,7
0.543342,0.833949,0.7,24,8
0.809003,0.891518,0.7,23,8
0.373157,0.784861,0.7,7,3
0.656214,0.747763,0.7,18,5
0.577851,0.838801,0.7,15,6
0.527222,0.356917,0.7,15,11
0.353247,0.498509,0.7,9,3
0.708651,0.771529,0.7,25,12
0.747652,0.715117,0.7,20,8
0.395594,0.784937,0.7,9,5
0.587576,0.913037,0.7,16,7
0.362944,0.484263,0.7,17,4
0.587256,0.256472,0.7,12,4
0.957071,0.756698,0.7,31,13
0.182384,0.39411,0.7,12,4
0.42295,0.394378,0.7,16,4
0.56184,0.655553,0.7,13,8
0.506183,0.581925,0.7,19,9
0.701733,0.994337,0.7,21,11
0.39573,0.713457,0.7,5,4
0.4012,0.549415,0.7,9,4
0.70027,0.283507,0.7,16,9
0.735371,0.507643,0.7,26,11
0.554318,0.96779,0.7,17,7
0.648284,0.846128,0.7,21,7
0.621418,0.536907,0.7,15,4
0.407137,0.406911,0.7,6,3
0.673004,0.536475,0.7,14,5
0.890947,0.204414,0.7,17,8
0.837127,0.250212,0.7,13,4
0.729045,0.9668,0.7,31,15
0.627507,0.501332,0.7,14,7
0.713881,0.957752,0.7,21,12
0.684802,0.254694,0.7,10,5
0.623119,0.384809,0.7,19,8
0.813486,0.666384,0.7,30,14
0.548014,0.767253,0.7,20,8
0.494393,0.337765,0.7,12,3
0.738213,0.687297,0.7,19,5
0.66265,0.760305,0.7,25,10
0.753096,0.719007,0.7,17,9
0.518778,0.78684,0.7,16,7
0.441947,0.51779,0.7,11,6
0.567142,0.339779,0.7,10,3
0.63096,0.535824,0.7,12,2
0.726669,0.716776,0.7,24,11
0.739361,0.392959,0.7,20,11
0.506246,0.792554,0.7,12,5
0.739105,0.661259,0.7,18,7
0.501511,0.76659,0.7,12,5
0,0.240355,0.7,10,7
0.497847,0.966924,0.7,19,6
0.553756,0.249207,0.7,15,5
0.676104,0.730713,0.7,21,9
0.519031,0.640201,0.7,9,5
0.792829,0.374016,0.7,19,9
0.568711,0.729376,0.7,12,6
0.434927,0.948486,0.7,7,2
0.727198,0.513765,0.7,19,6
0.630336,0.322106,0.7,26,10
0.654437,0.324,0.7,15,9
0.962669,0.281607,0.7,21,12
0.449494,0.937128,0.7,10,4
0.679788,0.618833,0.7,19,10
0.393174,0.580632,0.7,18,9
0.577301,0.234721,0.7,19,11
0.498277,0.910054,0.7,13,8
0.321917,0.905947,0.7,10,4
0.720943,0.580811,0.7,13,5
0.506725,0.957335,0.7,13,10
0.770753,0.40771,0.7,16,11
0.598913,0.65135,0.7,24,5
0.518348,0.977379,0.7,17,7
0.726655,0.354444,0.7,20,12
0.668296,0.646542,0.7,18,6
0.450432,0.344558,0.7,18,8
0.636587,0.426595,0.7,12,6
0.645298,0.90282,0.7,23,10
0.310503,0.87195,0.7,5,1
0.316415,0.45788,0.7,9,3
0.598154,0.36126,0.7,11,4
0.666558,0.272022,0.7,13,3
0.543025,0.226495,0.7,13,7
0.576838,0.473601,0.7,14,3
0.830278,0.234778,0.7,18,5
0.392607,0.368653,0.7,20,11
0.626633,0.568423,0.7,12,3
0.741488,0.51628,0.7,26,8
0.544296,0.532046,0.7,14,7
0.571188,0.868464,0.7,18,5
0.469575,0.924195,0.7,14,4
0.622748,0.385968,0.7,18,5
0.594713,0.700898,0.7,16,7
0.798291,0.216885,0.7,14,6
0.636462,0.806942,0.7,24,12
0.690991,0.564704,0.7,17,8
0.561415,0.26645,0.7,14,5
0.417336,0.833329,0.7,11,5
0.452278,0.632518,0.7,9,3
0.621202,0.853129,0.7,19,11
0.56422,0.809682,0.7,18,8
0.325651,0.247975,0.7,17,9
0.634654,0.958159,0.7,23,10
0.543757,0.409056,0.7,11,2
0.663352,0.474194,0.7,14,7
0.538612,0.613884,0.7,14,7
0.934453,0.862213,0.7,36,10
0.686838,0.762677,0.7,29,12
0.513755,0.753714,0.7,17,6
0.713095,0.825922,0.7,16,7
0.737388,0.863835,0.7,22,9
0.762615,0.593733,0.7,18,10
0.737352,0.435734,0.7,19,11
0.282161,0.814179,0.7,3,1
0.549868,0.640211,0.7,15,6
0.463264,0.878801,0.7,13,7
0.557648,0.677466,0.7,15,9
0.765229,0.238273,0.7,13,5
0.505775,0.456825,0.7,18,9
0.429847,0.401636,0.7,14,8
0.750146,0.509271,0.7,14,9
0.75223,0.604835,0.7,24,10
0.468689,0.393791,0.7,9,6
0.558761,0.930709,0.7,13,8
0.695345,0.533132,0.7,21,10
0.880542,0.963349,0.7,20,7
0.576049,0.557556,0.7,15,6
0.578089,0.537548,0.7,8,5
0.385288,0.300688,0.7,12,4
0.448282,0.876095,0.7,16,8
0.601973,0.766703,0.7,19,7
0.457116,0.674139,0.7,16,10
0.740323,0.859401,0.7,24,11
0.38677,0.841094,0.7,13,6
0.777405,0.758867,0.7,29,17
0.698068,0.503725,0.7,23,11
0.569795,0.219336,0.7,10,6
0.67098,0.340921,0.7,10,4
0.616438,0.259909,0.7,17,6
0.509218,0.615329,0.7,17,8
0.678552,0.524555,0.7,9,5
0.461204,0.699525,0.7,18,11
0.763284,0.737812,0.7,30,15
0.768849,0.764054,0.7,24,11
0.527986,0.236425,0.7,12,4
0.758751,0.5997,0.7,18,9
0.444949,0.378829,0.7,3,2
0.654827,0.884435,0.7,26,6
0.687345,0.841178,0.7,18,9
0.556534,0.434693,0.7,15,7
0.589277,0.847431,0.7,26,11
0.443943,0.363912,0.7,12,4
0.539996,0.391587,0.7,10,2
0.644992,0.989416,0.7,16,7
0.245876,0.380855,0.7,15,6
0.281605,0.433435,0.7,11,6
0.677363,0.530013,0.7,25,12
0.484677,0.511579,0.7,12,6
0.564771,0.512784,0.7,21,2
0.67178,0.840996,0.7,17,11
0.630869,0.978296,0.7,25,9
0.629157,0.554533,0.7,14,5
0.613966,0.772902,0.7,14,7
0.532474,0.554335,0.7,15,6
0.559765,0.885391,0.7,13,4
0.542798,0.42636,0.7,19,7
0.511526,0.846254,0.7,22,11
0.573987,0.993289,0.7,22,9
0.468684,0.299213,0.7,22,8
0.529749,0.564614,0.7,17,5
0.608704,0.889227,0.7,16,4
0.526,0.870705,0.7,18,6
0.566032,0.607845,0.7,12,6
0.375355,0.708119,0.7,14,4
0.6119,0.337042,0.7,12,4
0.742069,0.913504,0.7,20,12
0.477025,0.216214,0.7,16,8
0.454942,0.787484,0.7,9,6
0.673404,0.35854,0.7,18,5
0.607946,0.462106,0.7,16,5
0.69697,0.945656,0.7,19,8
0.522685,0.207531,0.7,14,6
0.250596,0.490653,0.7,11,4
0.515553,0.294766,0.7,13,5
0.678951,0.236977,0.7,17,5
0.631149,0.811595,0.7,23,11
0.534177,0.320145,0.7,17,9
0.562514,0.501271,0.7,14,6
0.803886,0.348324,0.7,25,6
0.538788,0.409575,0.7,19,7
